<keymap version="1" name="Windows copy" parent="$default">
  <action id="EditorContextInfo" />
  <action id="FileChooser.NewFolder">
    <keyboard-shortcut first-keystroke="alt insert" />
  </action>
  <action id="FindInPath">
    <keyboard-shortcut first-keystroke="shift ctrl f" />
    <keyboard-shortcut first-keystroke="alt q" />
  </action>
  <action id="GotoChangedFile" />
  <action id="GotoClass" />
  <action id="GotoFile" />
  <action id="NewClass">
    <keyboard-shortcut first-keystroke="ctrl n" />
  </action>
  <action id="NewDir">
    <keyboard-shortcut first-keystroke="shift ctrl n" />
  </action>
  <action id="ReformatCode">
    <keyboard-shortcut first-keystroke="ctrl alt l" />
    <keyboard-shortcut first-keystroke="alt r" />
  </action>
</keymap>